{"loss":7.279977677954258,"_timestamp":1.7284532057120504e+09,"_runtime":1593.527560289,"_step":620,"_wandb":{"runtime":1671}}