{"_timestamp":1.7284736937883985e+09,"_runtime":1526.768737768,"_step":555,"_wandb":{"runtime":1528},"loss":7.49663604427597}