{"loss":7.432835196140746,"_timestamp":1.7284533225754158e+09,"_runtime":1699.313458093,"_step":620,"_wandb":{"runtime":1781}}