{"_timestamp":1.7284148048881655e+09,"_runtime":1587.341376763,"_step":620,"_wandb":{"runtime":1664},"loss":7.279977677954258}