{"_timestamp":1.728416486249544e+09,"_runtime":1588.347606519,"_wandb":{"runtime":1667},"_step":620,"loss":7.396397615450436}