{"loss":7.183456764051923,"_timestamp":1.7284170085631542e+09,"_runtime":1702.703369362,"_step":620,"_wandb":{"runtime":1784}}