{"_timestamp":1.7284535734276183e+09,"_runtime":154.928120787,"_step":29,"loss":15.038747379922459,"_wandb":{"runtime":157}}