{"_runtime":1701.623675753,"_wandb":{"runtime":1784},"_step":620,"loss":7.432835196140746,"_timestamp":1.728415206989811e+09}