{"_runtime":276.90090051,"_step":81,"_wandb":{"runtime":277},"loss":12.5858315379803,"_timestamp":1.7284535746727247e+09}