{"valid/recall@50":0.9483014983415303,"valid/mrr@10":0.7272436811055988,"valid/recall@1":0.5904151892942926,"valid/mrr@50":0.7283796345111804,"valid/loss":1.9447503055351367,"valid/ndcg@1":0.5904151892942926,"test/recall@1":0.5737557375573755,"epoch":9,"valid/ndcg@10":0.7774699111968146,"loss":0.7936986518878031,"test/ndcg@10":0.7610138601386014,"test/mrr@50":0.71242928249595,"test/ndcg@50":0.7660944285224103,"_runtime":18008.004632226,"valid/ndcg@50":0.7823316689065538,"test/mrr@1":0.5737557375573755,"test/loss":2.3245260975826745,"_timestamp":1.7284721490394394e+09,"test/mrr@10":0.7112551838409009,"test/recall@10":0.9090090900909009,"test/ndcg@1":0.5737557375573755,"_wandb":{"runtime":18008},"test/recall@50":0.931239312393124,"valid/mrr@1":0.5904151892942926,"_step":6219,"valid/recall@10":0.9271417133706965}