{"_runtime":1590.664330068,"_step":620,"loss":6.813304084017663,"_wandb":{"runtime":1667},"_timestamp":1.7284181688712442e+09}